{
  "Delete Users" : {
    "transaction" : "Delete Users",
    "sampleCount" : 30,
    "errorCount" : 3,
    "errorPct" : 10.0,
    "meanResTime" : 97.13333333333333,
    "medianResTime" : 96.0,
    "minResTime" : 95.0,
    "maxResTime" : 112.0,
    "pct1ResTime" : 98.9,
    "pct2ResTime" : 108.69999999999999,
    "pct3ResTime" : 112.0,
    "throughput" : 0.5167424555601488,
    "receivedKBytesPerSec" : 0.23177715804568005,
    "sentKBytesPerSec" : 0.08506401685441643
  },
  "Total" : {
    "transaction" : "Total",
    "sampleCount" : 90,
    "errorCount" : 6,
    "errorPct" : 6.6666665,
    "meanResTime" : 196.3666666666667,
    "medianResTime" : 97.0,
    "minResTime" : 95.0,
    "maxResTime" : 456.0,
    "pct1ResTime" : 396.0,
    "pct2ResTime" : 405.9,
    "pct3ResTime" : 456.0,
    "throughput" : 1.5356789407227929,
    "receivedKBytesPerSec" : 0.9091099354161689,
    "sentKBytesPerSec" : 0.2515140834556189
  },
  "Get User by ID" : {
    "transaction" : "Get User by ID",
    "sampleCount" : 30,
    "errorCount" : 3,
    "errorPct" : 10.0,
    "meanResTime" : 96.63333333333334,
    "medianResTime" : 96.5,
    "minResTime" : 95.0,
    "maxResTime" : 101.0,
    "pct1ResTime" : 98.9,
    "pct2ResTime" : 99.9,
    "pct3ResTime" : 101.0,
    "throughput" : 0.5167246546556892,
    "receivedKBytesPerSec" : 0.23176917371421682,
    "sentKBytesPerSec" : 0.08506108654276757
  },
  "Get Users" : {
    "transaction" : "Get Users",
    "sampleCount" : 30,
    "errorCount" : 0,
    "errorPct" : 0.0,
    "meanResTime" : 395.3333333333333,
    "medianResTime" : 389.0,
    "minResTime" : 379.0,
    "maxResTime" : 456.0,
    "pct1ResTime" : 428.6,
    "pct2ResTime" : 452.7,
    "pct3ResTime" : 456.0,
    "throughput" : 0.5136282700999864,
    "receivedKBytesPerSec" : 0.4514310967675661,
    "sentKBytesPerSec" : 0.08326395784823996
  }
}