{
  "Delete User" : {
    "transaction" : "Delete User",
    "sampleCount" : 30,
    "errorCount" : 3,
    "errorPct" : 10.0,
    "meanResTime" : 97.7,
    "medianResTime" : 97.0,
    "minResTime" : 95.0,
    "maxResTime" : 102.0,
    "pct1ResTime" : 100.0,
    "pct2ResTime" : 102.0,
    "pct3ResTime" : 102.0,
    "throughput" : 0.5170007065676323,
    "receivedKBytesPerSec" : 0.23189299270167335,
    "sentKBytesPerSec" : 0.08510652907267306
  },
  "Total" : {
    "transaction" : "Total",
    "sampleCount" : 90,
    "errorCount" : 6,
    "errorPct" : 6.6666665,
    "meanResTime" : 196.12222222222215,
    "medianResTime" : 98.0,
    "minResTime" : 95.0,
    "maxResTime" : 451.0,
    "pct1ResTime" : 394.0,
    "pct2ResTime" : 402.9,
    "pct3ResTime" : 451.0,
    "throughput" : 1.5364916773367479,
    "receivedKBytesPerSec" : 0.9095910691421254,
    "sentKBytesPerSec" : 0.2516471937686726
  },
  "Get User by ID" : {
    "transaction" : "Get User by ID",
    "sampleCount" : 30,
    "errorCount" : 3,
    "errorPct" : 10.0,
    "meanResTime" : 97.56666666666669,
    "medianResTime" : 97.0,
    "minResTime" : 95.0,
    "maxResTime" : 102.0,
    "pct1ResTime" : 101.9,
    "pct2ResTime" : 102.0,
    "pct3ResTime" : 102.0,
    "throughput" : 0.5170096163788647,
    "receivedKBytesPerSec" : 0.2318969890652466,
    "sentKBytesPerSec" : 0.08510799576913797
  },
  "Get Users" : {
    "transaction" : "Get Users",
    "sampleCount" : 30,
    "errorCount" : 0,
    "errorPct" : 0.0,
    "meanResTime" : 393.1000000000001,
    "medianResTime" : 391.0,
    "minResTime" : 379.0,
    "maxResTime" : 451.0,
    "pct1ResTime" : 407.6,
    "pct2ResTime" : 438.9,
    "pct3ResTime" : 451.0,
    "throughput" : 0.513874614594039,
    "receivedKBytesPerSec" : 0.45164761048304214,
    "sentKBytesPerSec" : 0.08330389260020554
  }
}